{
  "benchmark": "CASBench",
  "n_proteins_evaluated": 2370,
  "n_proteins_failed": 0,
  "n_proteins_missing_features": 4,
  "n_total_residues": 1962252,
  "n_allosteric_residues": 86979,
  "allosteric_pct": 4.432611101937978,
  "threshold": 0.3512246012687683,
  "aggregate": {
    "auroc": 0.7503689801950156,
    "auprc": 0.18955665930167181,
    "precision": 0.284862358848085,
    "recall": 0.1702479908943538,
    "f1": 0.21312301204645875,
    "mcc": 0.19278767362759575,
    "confusion_matrix": [
      [
        1838098,
        37175
      ],
      [
        72171,
        14808
      ]
    ],
    "random_auprc": 0.04432611101937978,
    "auprc_lift": 4.276410786833881
  },
  "per_protein_summary": {
    "n_with_both_classes": 2361,
    "auroc_mean": 0.6673761919360869,
    "auroc_median": 0.6675014624159111,
    "auroc_std": 0.1740452488016112,
    "auprc_mean": 0.2144805995437182,
    "auprc_median": 0.118456714148443,
    "auprc_std": 0.21164387181604233
  },
  "per_family_summary": {
    "n_families": 83,
    "auroc_mean": 0.7016233853489059,
    "auroc_median": 0.6988556338028169,
    "auprc_mean": 0.15144876897852316,
    "auprc_median": 0.07459530338177901
  },
  "model_info": {
    "model_path": "E:\\newyear\\research_plan\\allosteric\\models\\xgboost_hybrid.json",
    "n_model_features": 217,
    "n_scaler_features": 89,
    "n_pca_input": 1280,
    "n_pca_output": 128,
    "has_aaindex": true
  },
  "homology_stratified": {
    "All independent": {
      "n_proteins": 2370,
      "n_residues": 1962252,
      "n_allosteric": 86979,
      "auroc": 0.7503689801950156,
      "auprc": 0.18955665930167181,
      "mcc": 0.19278767362759575,
      "f1": 0.21312301204645875
    },
    "<70% identity": {
      "n_proteins": 406,
      "n_residues": 475310,
      "n_allosteric": 13564,
      "auroc": 0.791329939804865,
      "auprc": 0.1603870878222965,
      "mcc": 0.20360854788312813,
      "f1": 0.2159992784992785
    },
    "<50% identity": {
      "n_proteins": 382,
      "n_residues": 403432,
      "n_allosteric": 12906,
      "auroc": 0.7813010669761972,
      "auprc": 0.16460671583895636,
      "mcc": 0.20248717736509916,
      "f1": 0.21836344116136863
    },
    "<30% identity": {
      "n_proteins": 261,
      "n_residues": 245248,
      "n_allosteric": 9415,
      "auroc": 0.7887178100922604,
      "auprc": 0.2180930034886132,
      "mcc": 0.24764826089448042,
      "f1": 0.26251886854367656
    }
  }
}