{
  "model": "XGBoost Hybrid (structural + NMA + FPocket + ESM-2 PCA)",
  "n_features": 217,
  "optimal_threshold": 0.3512246012687683,
  "metrics": {
    "train": {
      "split": "train",
      "n_samples": 1331245,
      "n_positive": 22181,
      "threshold": 0.3512246012687683,
      "auroc": 0.933524500647316,
      "auprc": 0.3969370846646074,
      "precision": 0.3509867801082362,
      "recall": 0.5877102024254993,
      "f1": 0.4394996797141027,
      "mcc": 0.442484398230391,
      "confusion_matrix": [
        [
          1284959,
          24105
        ],
        [
          9145,
          13036
        ]
      ]
    },
    "val": {
      "split": "val",
      "n_samples": 176094,
      "n_positive": 3241,
      "threshold": 0.3512246012687683,
      "auroc": 0.8973624875249808,
      "auprc": 0.2089916837993116,
      "precision": 0.263115738886664,
      "recall": 0.4054304227090404,
      "f1": 0.3191256830601093,
      "mcc": 0.31104195751956537,
      "confusion_matrix": [
        [
          169173,
          3680
        ],
        [
          1927,
          1314
        ]
      ]
    },
    "test": {
      "split": "test",
      "n_samples": 189055,
      "n_positive": 3155,
      "threshold": 0.3512246012687683,
      "auroc": 0.887633887994244,
      "auprc": 0.2040366611986798,
      "precision": 0.19987858552132343,
      "recall": 0.41743264659271,
      "f1": 0.27032019704433496,
      "mcc": 0.27175033669574294,
      "confusion_matrix": [
        [
          180628,
          5272
        ],
        [
          1838,
          1317
        ]
      ]
    }
  },
  "top_features": {
    "pocket_score": 0.24181006848812103,
    "pocket_rank": 0.08696421980857849,
    "seqpos": 0.023550793528556824,
    "pocket_hydrophobicity": 0.019673621281981468,
    "degree_centrality": 0.01356601994484663,
    "closeness_centrality": 0.013280817307531834,
    "pocket_druggability": 0.012747236527502537,
    "esm_pca_75": 0.011987239122390747,
    "esm_pca_79": 0.009813470765948296,
    "neighbor_ALA": 0.00882247369736433,
    "esm_pca_97": 0.008789640851318836,
    "esm_pca_98": 0.008664378896355629,
    "esm_pca_42": 0.008424540050327778,
    "dssp_E": 0.008320108987390995,
    "esm_pca_66": 0.008270835503935814,
    "esm_pca_116": 0.008086979389190674,
    "esm_pca_82": 0.008066006936132908,
    "neighbor_SER": 0.007932872511446476,
    "neighbor_GLU": 0.007880731485784054,
    "dist_to_centroid": 0.007821610197424889,
    "esm_pca_78": 0.007807415444403887,
    "pagerank": 0.007789215072989464,
    "esm_pca_60": 0.007621115539222956,
    "esm_pca_11": 0.007455585058778524,
    "esm_pca_76": 0.007444730959832668,
    "esm_pca_14": 0.0074027650989592075,
    "neighbor_CYS": 0.007093043532222509,
    "esm_pca_33": 0.007053051143884659,
    "esm_pca_65": 0.00701726833358407,
    "esm_pca_69": 0.006993993651121855
  }
}