{
  "model": "XGBoost Hybrid (structural + NMA + FPocket + ESM-2 PCA)",
  "n_features": 225,
  "optimal_threshold": 0.5608780980110168,
  "metrics": {
    "train": {
      "split": "train",
      "n_samples": 1163766,
      "n_positive": 18664,
      "threshold": 0.5608780980110168,
      "auroc": 0.9763942468434315,
      "auprc": 0.5363456224260792,
      "precision": 0.4541219963031423,
      "recall": 0.6581654522074583,
      "f1": 0.5374283589272433,
      "mcc": 0.5379682684518271,
      "confusion_matrix": [
        [
          1130336,
          14766
        ],
        [
          6380,
          12284
        ]
      ]
    },
    "val": {
      "split": "val",
      "n_samples": 251561,
      "n_positive": 3845,
      "threshold": 0.5608780980110168,
      "auroc": 0.8938882703904326,
      "auprc": 0.20849537924081785,
      "precision": 0.27510834746561147,
      "recall": 0.37971391417425226,
      "f1": 0.31905594405594406,
      "mcc": 0.31090657889291357,
      "confusion_matrix": [
        [
          243869,
          3847
        ],
        [
          2385,
          1460
        ]
      ]
    },
    "test": {
      "split": "test",
      "n_samples": 375403,
      "n_positive": 7848,
      "threshold": 0.5608780980110168,
      "auroc": 0.9162672510362752,
      "auprc": 0.3636514594722405,
      "precision": 0.390713587487781,
      "recall": 0.5093017329255861,
      "f1": 0.44219493306781726,
      "mcc": 0.4326352749020105,
      "confusion_matrix": [
        [
          361322,
          6233
        ],
        [
          3851,
          3997
        ]
      ]
    }
  },
  "top_features": {
    "pocket_score": 0.14379270374774933,
    "pocket_rank": 0.06551560759544373,
    "closeness_centrality": 0.016223173588514328,
    "is_in_pocket": 0.016112864017486572,
    "pagerank": 0.015555108897387981,
    "pocket_hydrophobicity": 0.01309201866388321,
    "dssp_H": 0.010602115653455257,
    "sasa_abs": 0.00933325570076704,
    "pocket_druggability": 0.009109626524150372,
    "dist_to_centroid": 0.00874706543982029,
    "degree_centrality": 0.008653763681650162,
    "sasa_rel": 0.008265660144388676,
    "mol_weight_norm": 0.00797057431191206,
    "prs_eff_sens_ratio": 0.007128690369427204,
    "te_out_sum": 0.006945115514099598,
    "prs_sensitivity": 0.006818137131631374,
    "neighbor_ARG": 0.006612816825509071,
    "dssp_E": 0.006311331409960985,
    "pocket_volume": 0.00618192832916975,
    "neighbor_GLY": 0.006071972660720348,
    "esm_pca_2": 0.005811662413179874,
    "esm_pca_13": 0.0057548158802092075,
    "esm_pca_23": 0.0053646075539290905,
    "esm_pca_99": 0.005301870871335268,
    "te_in_sum": 0.005300736054778099,
    "neighbor_ASP": 0.005259561352431774,
    "esm_pca_9": 0.005205236375331879,
    "pocket_polarity": 0.005130301229655743,
    "neighbor_ALA": 0.005037248600274324,
    "esm_pca_33": 0.005016355309635401
  }
}