{
  "model": "XGBoost Baseline v2 (structural features, no per-protein z-score)",
  "n_features": 83,
  "optimal_threshold": 0.47024792432785034,
  "metrics": {
    "train": {
      "split": "train",
      "n_samples": 1331245,
      "n_positive": 22181,
      "threshold": 0.47024792432785034,
      "auroc": 0.9407876825997538,
      "auprc": 0.4097987303212003,
      "precision": 0.34919317179473874,
      "recall": 0.6068256616022722,
      "f1": 0.44329540402127554,
      "mcc": 0.4486012754665488,
      "confusion_matrix": [
        [
          1283978,
          25086
        ],
        [
          8721,
          13460
        ]
      ]
    },
    "val": {
      "split": "val",
      "n_samples": 176094,
      "n_positive": 3241,
      "threshold": 0.47024792432785034,
      "auroc": 0.9008042600339137,
      "auprc": 0.21307530724792617,
      "precision": 0.2637623762376238,
      "recall": 0.4109842641160136,
      "f1": 0.32131226631286935,
      "mcc": 0.3136588669681675,
      "confusion_matrix": [
        [
          169135,
          3718
        ],
        [
          1909,
          1332
        ]
      ]
    },
    "test": {
      "split": "test",
      "n_samples": 189055,
      "n_positive": 3155,
      "threshold": 0.47024792432785034,
      "auroc": 0.8893241906210332,
      "auprc": 0.2057260890904343,
      "precision": 0.2050900431611847,
      "recall": 0.43676703645007925,
      "f1": 0.27911687259469314,
      "mcc": 0.28232536397424474,
      "confusion_matrix": [
        [
          180559,
          5341
        ],
        [
          1777,
          1378
        ]
      ]
    }
  },
  "top_features": {
    "feature_76": 0.35507985949516296,
    "feature_81": 0.13925354182720184,
    "seqpos": 0.03873267024755478,
    "feature_79": 0.02765471301972866,
    "feature_71": 0.018682528287172318,
    "dssp_E": 0.017335185781121254,
    "feature_75": 0.015068433247506618,
    "dist_to_centroid": 0.014377741143107414,
    "feature_77": 0.013378610834479332,
    "neighbor_TRP": 0.012554545886814594,
    "aa_ASP": 0.011508789844810963,
    "neighbor_VAL": 0.011344602331519127,
    "sasa_abs": 0.011313226073980331,
    "neighbor_ALA": 0.010733402334153652,
    "sasa_rel": 0.010585351847112179,
    "bfactor": 0.010466919280588627,
    "hydrophobicity": 0.009861142374575138,
    "feature_73": 0.00975614320486784,
    "seqpos_normalized": 0.009572086855769157,
    "neighbor_GLU": 0.009486560709774494,
    "neighbor_ASP": 0.009161192923784256,
    "neighbor_CYS": 0.008982705883681774,
    "neighbor_PRO": 0.008832567371428013,
    "neighbor_SER": 0.008719969540834427,
    "neighbor_TYR": 0.008568070828914642,
    "feature_80": 0.008473810739815235,
    "neighbor_GLN": 0.008086320012807846,
    "neighbor_THR": 0.008021295070648193,
    "neighbor_HIS": 0.00790458545088768,
    "contacts_12A": 0.007902863435447216
  }
}