{
  "model": "XGBoost Optuna-tuned",
  "dataset": "E:\\newyear\\research_plan\\allosteric\\models\\dataset.h5",
  "n_features": 217,
  "n_trials": 100,
  "best_auprc_val": 0.21916908663869977,
  "optimal_threshold": 0.40951868891716003,
  "best_params": {
    "max_depth": 8,
    "learning_rate": 0.009414571001848266,
    "min_child_weight": 61,
    "gamma": 0.5118406320840936,
    "subsample": 0.7052030348994264,
    "colsample_bytree": 0.8298423819035193,
    "reg_alpha": 1.5972329123682864e-06,
    "reg_lambda": 1.974587723386059e-08,
    "scale_pos_weight": 4.605643328177994
  },
  "best_n_estimators": 475,
  "tuning_time_seconds": 3822.6406598091125,
  "metrics": {
    "train": {
      "auroc": 0.9802141677236728,
      "auprc": 0.7054386283446904,
      "precision": 0.5175427983788035,
      "recall": 0.7714259952211352,
      "f1": 0.619481201238166,
      "mcc": 0.6244793858654458,
      "n_samples": 1331245,
      "n_positive": 22181,
      "threshold": 0.40951868891716003,
      "confusion_matrix": [
        [
          1293113,
          15951
        ],
        [
          5070,
          17111
        ]
      ]
    },
    "val": {
      "auroc": 0.9130315018367013,
      "auprc": 0.215905902332388,
      "precision": 0.29203945859142005,
      "recall": 0.3927800061709349,
      "f1": 0.335,
      "mcc": 0.3243407281117494,
      "n_samples": 176094,
      "n_positive": 3241,
      "threshold": 0.40951868891716003,
      "confusion_matrix": [
        [
          169767,
          3086
        ],
        [
          1968,
          1273
        ]
      ]
    },
    "test": {
      "auroc": 0.9061933302586722,
      "auprc": 0.2225216814316009,
      "precision": 0.23988280534700604,
      "recall": 0.4152139461172742,
      "f1": 0.30408542246982356,
      "mcc": 0.30049635173411454,
      "n_samples": 189055,
      "n_positive": 3155,
      "threshold": 0.40951868891716003,
      "confusion_matrix": [
        [
          181749,
          4151
        ],
        [
          1845,
          1310
        ]
      ]
    }
  },
  "top_features": {
    "pocket_score": 0.2097817361354828,
    "pocket_rank": 0.0496041402220726,
    "seqpos": 0.02277328073978424,
    "pocket_hydrophobicity": 0.018735095858573914,
    "pocket_druggability": 0.014576367102563381,
    "closeness_centrality": 0.009029395878314972,
    "seqpos_normalized": 0.00696527399122715,
    "esm_pca_75": 0.0066991643980145454,
    "dist_to_centroid": 0.006613105069845915,
    "pocket_polarity": 0.0060529159381985664,
    "dssp_E": 0.005947824101895094,
    "sasa_rel": 0.0059453449212014675,
    "neighbor_CYS": 0.005827204789966345,
    "neighbor_ASP": 0.005822208244353533,
    "aa_ASN": 0.005742300301790237,
    "pagerank": 0.005711838137358427,
    "degree_centrality": 0.005520288832485676,
    "esm_pca_23": 0.005506071262061596,
    "neighbor_ALA": 0.00515097938477993,
    "esm_pca_11": 0.005036314949393272,
    "sasa_abs": 0.004973967093974352,
    "bfactor": 0.0049728951416909695,
    "esm_pca_78": 0.0048880199901759624,
    "neighbor_GLU": 0.004785838536918163,
    "contacts_12A": 0.004752722103148699,
    "esm_pca_82": 0.004706685431301594,
    "esm_pca_1": 0.004687669686973095,
    "neighbor_TYR": 0.00467310706153512,
    "pocket_volume": 0.004617543891072273,
    "esm_pca_57": 0.004598138388246298
  }
}