{
  "model": "XGBoost Optuna-tuned",
  "dataset": "F:\\research_plan\\allosteric\\models\\dataset.h5",
  "n_features": 225,
  "n_trials": 100,
  "best_auprc_val": 0.25103991198375897,
  "optimal_threshold": 0.4003099203109741,
  "best_params": {
    "max_depth": 8,
    "learning_rate": 0.04562266664887239,
    "min_child_weight": 50,
    "gamma": 0.02365398547329011,
    "subsample": 0.7409959993645173,
    "colsample_bytree": 0.5671019490726275,
    "reg_alpha": 0.03378698107197232,
    "reg_lambda": 1.560177666444983e-07,
    "scale_pos_weight": 13.158640115801283
  },
  "best_n_estimators": 863,
  "tuning_time_seconds": 1188.2393877506256,
  "metrics": {
    "train": {
      "auroc": 0.9979415244806097,
      "auprc": 0.8679136805670713,
      "precision": 0.4980195900016057,
      "recall": 0.9970531504500643,
      "f1": 0.6642512939496699,
      "mcc": 0.698817899163938,
      "n_samples": 1163766,
      "n_positive": 18664,
      "threshold": 0.4003099203109741,
      "confusion_matrix": [
        [
          1126345,
          18757
        ],
        [
          55,
          18609
        ]
      ]
    },
    "val": {
      "auroc": 0.9009746106751175,
      "auprc": 0.25103991198375897,
      "precision": 0.28600219860754855,
      "recall": 0.40598179453836153,
      "f1": 0.33559066967644846,
      "mcc": 0.32861922787141185,
      "n_samples": 251561,
      "n_positive": 3845,
      "threshold": 0.4003099203109741,
      "confusion_matrix": [
        [
          243819,
          3897
        ],
        [
          2284,
          1561
        ]
      ]
    },
    "test": {
      "auroc": 0.925613260206635,
      "auprc": 0.4009121418504385,
      "precision": 0.4098960910440376,
      "recall": 0.5277777777777778,
      "f1": 0.46142705954436586,
      "mcc": 0.4522105031809357,
      "n_samples": 375403,
      "n_positive": 7848,
      "threshold": 0.4003099203109741,
      "confusion_matrix": [
        [
          361592,
          5963
        ],
        [
          3706,
          4142
        ]
      ]
    }
  },
  "top_features": {
    "pocket_score": 0.07483808696269989,
    "pocket_rank": 0.0423867367208004,
    "closeness_centrality": 0.016566051170229912,
    "pocket_druggability": 0.01632346585392952,
    "is_in_pocket": 0.014882959425449371,
    "pagerank": 0.014432881027460098,
    "pocket_hydrophobicity": 0.010014872066676617,
    "degree_centrality": 0.009941741824150085,
    "pocket_polarity": 0.009428482502698898,
    "dist_to_centroid": 0.009204331785440445,
    "dssp_E": 0.008235937915742397,
    "aa_GLN": 0.007782818749547005,
    "is_proline": 0.007688680198043585,
    "dssp_H": 0.00761931948363781,
    "aa_ILE": 0.007419118657708168,
    "aa_TYR": 0.007299075368791819,
    "n_pockets": 0.007197242230176926,
    "esm_pca_2": 0.0069549595937132835,
    "sasa_abs": 0.006913218647241592,
    "sasa_rel": 0.0068037924356758595,
    "neighbor_GLY": 0.0067237126640975475,
    "aa_PRO": 0.006688795983791351,
    "mol_weight_norm": 0.006617707200348377,
    "prs_eff_sens_ratio": 0.006292260251939297,
    "aa_PHE": 0.005704823415726423,
    "te_out_sum": 0.005687241908162832,
    "seqpos": 0.005685536190867424,
    "aa_LEU": 0.005678065121173859,
    "neighbor_ARG": 0.005661701317876577,
    "seqpos_normalized": 0.00558603648096323
  }
}